"id","asset"
0,"rui/loybadges/_a_frm0"
0,"rui/loybadges/_a_frm1"
0,"rui/loybadges/_a_frm2"
0,"rui/loybadges/_a_frm3"
0,"rui/loybadges/_a_frm4"
0,"rui/loybadges/_a_frm5"
0,"rui/loybadges/_a_frm6"
0,"rui/loybadges/_a_frm7"
0,"rui/loybadges/_a_frm8"
0,"rui/loybadges/_a_frm9"
0,"rui/loybadges/_a_frm10"
0,"rui/loybadges/_a_frm11"
0,"rui/loybadges/_a_frm12"
0,"rui/loybadges/_a_frm13"
0,"rui/loybadges/_a_frm14"
0,"rui/loybadges/_a_frm15"
0,"rui/loybadges/_a_frm16"
0,"rui/loybadges/_a_frm17"
0,"rui/loybadges/_a_frm18"
0,"rui/loybadges/_a_frm19"
0,"rui/loybadges/_a_frm20"
0,"rui/loybadges/_a_frm21"
0,"rui/loybadges/_a_frm22"
0,"rui/loybadges/_a_frm23"
0,"rui/loybadges/_a_frm24"
0,"rui/loybadges/_a_frm25"
0,"rui/loybadges/_a_frm26"
0,"rui/loybadges/_a_frm27"
0,"rui/loybadges/_a_frm28"
0,"rui/loybadges/_a_frm29"
0,"rui/loybadges/_a_frm30"
0,"rui/loybadges/_a_frm31"
0,"rui/loybadges/_a_frm32"
0,"rui/loybadges/_a_frm33"
0,"rui/loybadges/_a_frm34"
0,"rui/loybadges/_a_frm35"
0,"rui/loybadges/_a_frm36"
0,"rui/loybadges/_a_frm37"
0,"rui/loybadges/_a_frm38"
0,"rui/loybadges/_a_frm39"
0,"rui/loybadges/_a_frm40"
0,"rui/loybadges/_a_frm41"
0,"rui/loybadges/_a_frm42"
0,"rui/loybadges/_a_frm43"
0,"rui/loybadges/_a_frm44"
0,"rui/loybadges/_a_frm45"
0,"rui/loybadges/_a_frm46"
0,"rui/loybadges/_a_frm47"
0,"rui/loybadges/_a_frm48"
0,"rui/loybadges/_a_frm49"
0,"rui/loybadges/_a_frm50"
0,"rui/loybadges/_a_frm51"
0,"rui/loybadges/_a_frm52"
0,"rui/loybadges/_a_frm53"
0,"rui/loybadges/_a_frm54"
0,"rui/loybadges/_a_frm55"
0,"rui/loybadges/_a_frm56"
0,"rui/loybadges/_a_frm57"
0,"rui/loybadges/_a_frm58"
0,"rui/loybadges/_a_frm59"
0,"rui/loybadges/_a_frm60"
0,"rui/loybadges/_a_frm61"
0,"rui/loybadges/_a_frm62"
0,"rui/loybadges/_a_frm63"
0,"rui/loybadges/_a_frm64"
0,"rui/loybadges/_a_frm65"
0,"rui/loybadges/_a_frm66"
0,"rui/loybadges/_a_frm67"
0,"rui/loybadges/_a_frm68"
0,"rui/loybadges/_a_frm69"
0,"rui/loybadges/_a_frm70"
0,"rui/loybadges/_a_frm71"
0,"rui/loybadges/_a_frm72"
0,"rui/loybadges/_a_frm73"
0,"rui/loybadges/_a_frm74"
0,"rui/loybadges/_a_frm75"
0,"rui/loybadges/_a_frm76"
0,"rui/loybadges/_a_frm77"
0,"rui/loybadges/_a_frm78"
0,"rui/loybadges/_a_frm79"
0,"rui/loybadges/_a_frm80"
0,"rui/loybadges/_a_frm81"
0,"rui/loybadges/_a_frm82"
0,"rui/loybadges/_a_frm83"
0,"rui/loybadges/_a_frm84"
0,"rui/loybadges/_a_frm85"
0,"rui/loybadges/_a_frm86"
0,"rui/loybadges/_a_frm87"
0,"rui/loybadges/_a_frm88"
0,"rui/loybadges/_a_frm89"
0,"rui/loybadges/_a_frm90"
1,"rui/loybadges/top_1_150x150"
2,"rui/loybadges/top_2_150x150"
3,"rui/loybadges/top_3_150x150"
4,"rui/loybadges/vip_150x150"
"int","string"